Aachen 	 
Aalborg 	 
Aarhus 	 
Aba 	 
Abadan 	 
Abaetetuba 	 
Abakan 	 
Abbotabad 	 
Abbotsford 	 
Abengourou 	 
Abeokuta 	 
Aberdeen 	 
Abha 	 
Abidjan 	 
Abiko 	 
Abilene 	 
Abohar 	 
Abuja 	 
Açailândia 	 
Acapulco 	 
Acarigua 	 
Accra 	 
Achalpur 	 
Acheng 	 
Achinsk 	 
Adama 	 
Adana 	 
Adapazarı 	 	 
Adelaide 	 
Aden 	 
Adhamiyah 	 
Adilabad 	 
Adityapur 	 
Adıyaman 	 
Ado-Ekiti 	 
Adoni 	 
Afyon 	 
Agadir 	 
Agartala 	 
Ageo 	 
Agra 	 
Ağrı 	  
Aguascalientes 	 
Ahmedabad 	 
Ahmednagar 	 
Ahome 	 
Ahvaz 	 	 
Aizawl 	 
Aizuwakamatsu 	 
Ajax 	 
Ajman 	 
Ajmer 	 
Akashi 	 
Akbarpur 	 
Akesu 	 
Akishima 	 
Akita 	 
Akola 	 
Akron 	 
Aksaray 	 
Aktau 	 
Aktobe 	 
Al-Ain 	 
Al-Arish 	 
Al-Hartha 	 
Al-Hawiyah 	 
Al-Khalis 	 
Al-Minya 	 
Al-Qadarif 	 
Al-Rayyan 	 
Alagoinhas 	 
Alajuela 	 
Alandur 	 
Alanya 	 
Alappuzha 	 
Albacete 	 
Albuquerque 	 	 
Alchevsk 	 
Alcobendas 	 
Alcorcón 	 
Aleppo 	 
Alexandra 	 
Alexandria 	 
Alexandria 	 
Al-Fashir 	 
Algeciras 	 
Algiers 	 
Al-Hasakah 	 
Alicante 	 
Aligarh 	 
Alkmaar 	 
Allahabad 	 
Allappuzha 	 
Allentown 	 
Almada 	 
Almaty 	  	 
Almere 	 
Almería 	 
Almetyevsk 	 	 
Al-Shatrah 	 
Al-Suwaira 	 
Altamira 	 
Altay 	 
Al-Thuqbah 	 
Alvorada 	 
Al-Wahda  	 
Alwar 	 
Amadora 	 
Amagasaki 	 
Amarah 	 
Amaravati 	 
Amarillo 	 	 
Ambala 	 
Ambarnath 	 
Ambato 	 
Ambattur 	 
Ambikapur 	 
Ambon 	 
Ambur 	 
Americana 	 
Amersfoort 	 
Amiens 	 
Amman 	 
Amol 	 
Amravati 	 
Amreli 	 
Amritsar 	 
Amroha 	 
Amsterdam 	 
Anaco 	 
Anaheim 	 
Anand 	 
Ananindeua 	 
Anantapur 	 
Anantnag 	 
Anápolis 	 
Anchorage 	 
Ancona 	 
Anda 	 
Anderlecht 	 
Andijan 	 
Andimeshk 	 
Andong 	 
Andria 	 
Angarsk 	 
Angeles 	 
Angers 	 
Angono 	 	 
Angren 	 
Anjō 	 
Anju 	 
Ankang 	 
Ankara 	 
Anlu 	 	 
Annaba 	 
Anqing 	 
Ansan 	 
Anshan 	 
Anshun 	 
Antakya 	 
Antalya 	 
Antananarivo 	 
Antioch 	 
Antipolo 	 
Antofagasta 	 
Antsirabe 	 
Antwerp 	 
Anyama 	  
Aomori 	 
Apalit 	 	 
Apartadó 	 
Apeldoorn 	 
Apopa 	 
Apucarana 	 
Aqaba 	 
Aracaju 	 
Araçatuba 	 
Arad 	 
Araguaína 	 
Araguari 	 
Arak 	 
Arapiraca 	 
Arapongas 	 
Arar 	 
Araraquara 	 
Araras 	 
Araruama 	 
Araucária 	 
Araure 	 
Arayat 	 
Ardabil 	 
Arequipa 	 
Argenteuil 	 
Arica 	 
Ariquemes 	 
Arkhangelsk 	 
Arlington  
Arlington 	 
Armavir 	 
    
Arnhem 	 
Arrah 	 
Ar-Ramtha 	 
Artyom 	 
Arusha 	 
Arvada 	 
Arzamas 	 
Asahikawa 	 
Asaka 	 
Asansol 	 
Aşgabat 	 
Ashaiman 	 
Ashdod 	 
Ashikaga 	 
Ashkelon 	 
Ashoknagar 	 
Asmara 	 
Assis 	 
Astrakhan 	 
Aón 	 
Aswan 	 
Asyut 	 
Athens  	 
Athens 	 
Atibaia 	 
Atlanta 	 
Atsugi 	 
Atushi 	 
Atyrau 	 
Auckland 	 
Augsburg 	 
Augusta  	 
Aurangabad  	 
Aurangabad 	 
Aurora 	 
Aurora 	 
Austin 	 
Avadi 	 
Avellaneda 	 
Awasa 	 
Ayacucho 	 
Aydın 	 
Azamgarh 	 
Azua 	
Babol 	 
Babruysk 	 
Bacabal 	 
Bacău 	 
Bacolod 	 
Bacoor 	 
Badajoz 	 
Badalona 	 
Badlapur 	 
Bafoussam 	 
Bagaha 	 
Bagalkot 	 
Bagé 	 
Baghdad 	 
Baghlan 	 
Bago 	 
Bago 	 
Baguio 	 
Bahadurgarh 	 
Baharampur 	 
Bahawalnagar 	 
Bahawalpur 	 
Baicheng 	 
Baidoa 	 
Baidyabati 	 
Baise 	 
Baishan 	 
Baiyin 	 	 
Bakersfield 	 
Baku 	 
Balakovo 	 
Balashikha 	 
Baleshwar 	 
Balıkesir 	 
Balikpapan 	 
Baliuag 	 
Ballarat 	 
Ballia 	  	 	  	 
Bălți 	 
Baltimore 	 
Balurghat 	 
Bamako 	 
Bamenda 	  	 
Banda 	  	  	 	  	 
Bandırma 	 
Bandung 	 
Bangalore 	 
Bangaon 	 
Bangkok 	 
Bangui 	 
Banha 	 
Bani  	 
Baní 	  	 
Banjarmasin 	 
Banjul 	 
Bankura 	 
Bansberia 	 
Banswara 	 
Baoding 	 
Baoji 	 
Baoshan 	 
Baotou 	 
Baqubah 	 
Barakaldo 	 
Baraki 	 
Baran 	 
Baranagar 	 
Baranovichi 	 
Barasat 	 
Baraut 	 
Barbacena 	 
Barcarena 	 	 
Barcelona 	 
Bardhaman 	 
Bareilly 	 
Bari 	 
Barika 	 
Bariloche 	 
Barinas 	 
Baripada 	 
Barisal 	 
Barka 	 
Barnala 	 
Barnaul 	 
Barquisimeto 	 
Barrackpur 	 
Barrancabermeja 	 
Barranquilla 	 
Barreiras 	 
Barretos 	 
Barrie 	 
Barshi 	 
Barueri 	 
Baruta 	 
Barysaw 	 
Basel 	  
Bashiqa 	 
Basirhat 	 
Basra 	 
Basti 	 
Batala 	 
Batam 	  	 
Bataysk 	 
Bathinda 	 
Batman 	 
Batna 	 
Baton  	 
Battambang 	 
Batu 	 
Batumi 	 
Bauru 	 
Bawshar 	 
Bayambang 	 
Bayamo 	 
Bayamón 	 
Bayannur 	 
Bayawan 	 
Baybay 	 
Bazhou 	 
Beau-Bassin  	 
Beaumont 	 
Beawar 	 
Béchar 	 
Beed 	 
Beersheba 	 
Begusarai 	 
Behbahan 	 
Beihai 	 
Beijing 	 
Beipiao 	 
Beira 	 
Beirut 	 
Beit 	 
Béjaïa 	 
Bekasi 	 
Belém 	 
Belfast 	 
Belford  	 
Belgaum 	 
Belgorod 	 
Belgrade 	 
Bellary 	 
Bellevue 	 
Bello 	 	 
Bengbu 	 
Benghazi 	 
Bengkulu 	 
Benguela 	  	 
Benito  	 
Benoni 	 
Bento  	 
Benxi 	 
Beppu 	 
Berbera 	 
Berdyansk 	 
Berezniki 	 
Bergamo 	 
Bergen 	 
Bergisch  	 
Berhampur 	 
Berkane 	 
Berkeley 	 
Berlin 	 
Bern 	  
Berrechid 	 
Besançon 	 
Betim 	 
Bettiah 	 
Betul 	 
Bhadrak 	 
Bhadravati 	 
Bhadreswar 	 
Bhagalpur 	 	 
Bhalwal 	 
Bharatpur  	   
Bharatpur  	 
Bharuch 	 
Bhatpara 	 
Bhavnagar 	 
Bhilai 	 
Bhilwara 	 
Bhimavaram 	 
Bhimdatta 	   
Bhind 	 
Bhiwadi 	 
Bhiwandi 	 
Bhiwani 	 
Bhopal 	 
Bhubaneswar 	 
Bhuj 	 
Bhusawal 	 
Białystok 	 
Bidar 	 
Bidhannagar 	 
Bielefeld 	 
Bielsko-Biała 	 
Biahir  	 
Bijapur 	 
Bikaner 	 
Bilaspur 	 
Bilbao 	 
Billings 	 
Biñan 	 
Binangonan 	 
Binjai 	 
Bintulu 	 
Binzhou 	 
Biratnagar 	   
Birgunj 	   
Birigui 	 
Birjand 	 
Birmingham 	 
Birmingham 	 
Bishkek 	 
Bishoftu 	 
Biskra 	 
Bissau 	 
Bitung 	 
Biysk 	 
Bizerte 	 
Blackburn 	 
Blackpool 	 
Blagoveshchensk 	 
Blantyre 	 
Blida 	 
Blitar 	 
Bloemfontein 	 
Blumenau 	 
Bo 	 
Bobo-Dioulasso 	 
Bocaue 	 
Bochum 	 
Bogor 	 
Bogota 	 
Bogra 	 
Boise 	 
Bojnord 	  	 
Boksburg 	 
Bole 	 
Bologna 	 
Bolton 	 
Bolu 	 
Bolzano 	 
Boma 	 
Bonao 	 
Bongao 	 
Bonn 	 
Bordeaux 	  	 
Borujerd 	 
Bosaso 	 
Boston 	 
Botad 	 
Botoșani 	 
Botou 	 
Botshabelo 	 
Bottrop 	 
Botucatu 	 
Bouaké 	 
Bouïra 	 
Boulder 	 
Boulogne-Billancourt 	 
Bournemouth 	 
Bozhou 	 
Bradford 	 
Braga 	 
Bragança	 
Bragança 	 
Brăila 	 
Brampton 	 
Brasília 	 
Brașov 	 
Bratislava 	 
Bratsk 	 
Braunschweig 	 
Brazzaville 	 
Breda 	 
Bremen 	 
Bremerhaven 	 
Brescia 	  	 
Brest  	 
Bridgeport 	 
Brighton 	 
Brisbane 	 
Bristol 	 
Brno 	 
Brownsville 	 
Bruges 	 
Brusque 	 
Brussels 	 
Bryansk 	 
Bucaramanga 	 
Bucharest 	 
Bucheon 	 
Budapest 	 
Budaun 	 
Buenaventura 	  	 
Buffalo 	 
Bujumbura 	 
Bukan 	 
Bukavu 	 
Bukhara 	 
Bulan 	 
Bulandshahr 	 
Bulawayo 	 
Bundi 	  	 
Buraidah 	 
Burao 	 
Burari 	 
Burbank 	 
Burewala 	 
Burgas 	 
Burgos 	 
Burhanpur 	 
Burlington  	 
Burnaby 	 
Bursa 	 
Busan 	 
Bushehr 	 
Butuan 	 
Butwal 	   
Buxar 	 
Buzău 	 
Bydgoszcz 	 
Bytom 	 
Cabanatuan 	 
Cabimas 	  	  	 
Cabuyao 	 
Cachoeirinha 	  	 
Cadiz 	 
Cádiz 	 
Caen 	  	 
Cagliari 	 
Cagua 	 
Caguas 	 
Cainta 	 
Cairns 	 
Cairo 	 
Cajamarca 	 
Calabar 	 
Calama 	 
Calamba 	 
Calapan 	 
Calbayog 	 
Calgary 	 
Cali 	 
Caloocan 	 
Calumpit 	 
Camaçari 	 
Camagüey 	 
Camaragibe 	 
Cambridge  	 
Cambridge  	 
Cambridge 	 
Cametá 	 
Campeche 	 
Campina  	 
Campinas 	 
Campo  	 
Campo  	  	 
Çanakkale 	 
Canberra 	 
Cancún 	 
Candaba 	 
Candelaria 	 
Cangzhou 	 
Canoas 	 
Capas 	 
Cape  	 
Cape  	 
Cap-Haïtien 	 
Capiatá 	 
Caracas 	 
Caraguatatuba 	 
Carapicuíba 	 
Carcar 	 
Cardiff 	 
Cariacica 	 
Carlsbad 	 
Carolina 	 
Carora 	 
Carrefour 	 
Carrollton 	 	 
Cartagena 	 
Cartagena 	 
Cartago 	 
Cartago 	 
Caruaru 	 
Carúpano 	 
Cary 	 
Casablanca 	 
Cascavel 	 
Castanhal 	 	 
Catacamas 	 
Catanduva 	 
Catania 	 
Catbalogan 	  	 
Cauayan  
Caucaia 	 
    
Caxias 	  	 
Cebu 	 
Cedar  	 
Celaya 	 
Centennial 	 
Central  	 
Champdani 	 
Chandannagar 	 
Chandausi 	 
Chandigarh 	 
Chandler 	 
Chandrapur 	 
Changchun 	 
Changsha 	 
Changde 	 
Changji 	 
Changshu 	 
Changwon 	 
Changzhi 	 
Changzhou 	 
Chaohu 	 
Chaoyang 	 
Chaozhou 	 
Chapecó 	 
Charleroi 	 
Charleston 	 
Charlotte 	 
Chas 	 
Chatham-Kent 	 
Chattanooga 	 
Cheboksary 	 
Chelyabinsk 	 
Chemnitz 	 
Chengde 	 
Chengdu 	 
Chennai 	 
Chenzhou 	 
Cheonan 	 
Cheongju 	 
Cherepovets 	 
Cherkasy 	 
Cherkessk 	 
Chernihiv 	 
Chernivtsi 	 
Chesapeake 	 
Chester 	 
Chetumal 	 
Chhapra 	 
Chhatarpur 	 
Chhindwara 	 
Chía 	 
Chiayi 	 
Chiba 	 
Chibi 	 
Chicago 	 
Chiclayo 	 
Chifeng 	 
Chigasaki 	 
Chihuahua 	 
Chikmagalur 	 
Chikusei 	 
Chikushino 	 
Chilakaluripet 	 
Chillán 	 
Chilpancingo 	 
Chimalhuacán 	 
Chimbote 	 
Chimoio 	 
Chingola 	 
Chiniot 	 
Chipata 	 
Chirchiq 	 
Chishtian 	 
Chişinău 	 
Chita 	 
Chitradurga 	 
Chittagong 	 
Chittoor 	 
Chittorgarh 	 
Chitungwiza 	 
Chizhou 	 
Chlef 	 
Chōfu 	 
Choloma 	 
Choluteca 	 
Chonburi 	 
Chongjin 	 
Chongqing 	 
Chorzów 	 
Christchurch 	 
Chuncheon 	 
Chungju 	 
Churu 	 
Chuxiong 	 
Chuzhou 	  	 
Ciénaga 	 
Cienfuegos 	 
Cincinnati 	 
Cirebon 	  	  	  	  	 	 
Delgado 	 
Guayana 	 
Juárez 	 	 
Losada 	 
Madero 	 
Nezahualcóyotl 	 
Obregón 	 
Ojeda 	 
Valles 	 
Victoria 	 
Cixi 	 
Cizre 	 
Clarksville 	 
Clearwater 	 
Clermont-Ferrand 	 
Cleveland 	 
Cluj-Napoca 	 
Coacalco 	 
Coatzacoalcos 	 
Cochabamba 	 
Codó 	 
Coimbatore 	 
Coimbra 	 
Colatina 	 
Colchester 	 
Colima 	 
Cologne 	 
Colombo 	 
Colombo 	 
Colón 	
Spr  	  	 
Columbus  	 
Columbus 	 
Comayagua 	 
Comilla 	 
Comitán 	  	 
Conakry 	 
Concepción 	 
Concepcion 	 
Concord 	 
Concordia 	 
Conselheiro  	 
Consolacion 	 
Constanţa 	 
Constantine 	 
Contagem 	 
Copenhagen 	 
Copiapó 	 
Coquimbo 	 
Coquitlam 	 
Springs 	 
Córdoba 	 
Córdoba  	 
Córdoba  	 
Cork 	 
Çorlu 	 
Corona 	 
Coronel  	 
Coronel 	 
Corpus  	 
Corrientes 	 
Çorum 	 
Corumbá 	 
Cotabato 	 
Cotia 	 
Cotonou 	 
Cottbus 	 
Coventry 	 
Craiova 	 
Crato 	 
Crawley 	 
Criciúma 	 
Cúa 	 
Cuauhtémoc 	 
Cuautitlán 	 
Cuautla 	 
tão 	 
Cúcuta 	 
Cuddalore 	 
Cuenca 	 
Cuernavaca 	 
Cuiabá 	 
Culiacán 	 
Cumaná 	 
Curicó 	 
Curitiba 	 
Cusco 	 
Cuttack 	 
Częstochowa 	 
Dadu 	 
Daegu 	 
Daejeon 	 
Daet 	 
Dagupan 	 
Dahod 	 
Daitō 	 
Dakar 	 
Dali 	 
Dalian 	 
Dallas 	 
Dallupura 	 
Daloa 	 
Daly 	 
Damanhur 	 
Damascus 	 
Damietta 	 
Dammam 	 
Damoh 	 
Danao 	 
Danapur 	 
Dandong 	 
Dangyang 	 
Danjiangkou 	 
Danlí 	 
Danyang 	 
Daqing 	  	 
Daraga 	 
Darbhanga 	 
Darjeeling 	 
Darmstadt 	 
Darwin 	 
Daska 	 
Dasmariñas 	 
Daşoguz 	 
Datia 	 
Datong 	 
Davangere 	 
Davao 	 
Dawei 	 
Dayton 	 
Dazhou 	 
Debrecen 	 
Deesa 	  	 
Dehradun 	 
Dehri 	 	 
Delft 	 
Delhi  	 
Delhi 	 
Delicias 	 
Delmas 	 
Dengzhou 	 
Denizli 	 
Denpasar 	 
Denton 	 
Denver 	 
Deoghar 	 
Deoli 	 
Deoria 	 
Depok 	 	 
Derbent 	 
Derby 	 
Derince 	 
Derry 	  	 
Dessie 	 
Detroit 	 
Dewas 	 
Deyang 	 
Dezful 	 
Dezhou 	 
Dhahran 	 
Dhaka 	 
Dhamtari 	 
Dhanbad 	 
Dhangadhi 	   
Dharan 	   
Dharmavaram 	 
Dholpur 	 
Dhule 	 
Diadema 	 
Diaobingshan 	 
Dibrugarh 	 
Digos 	 
Dijon 	 
Dimapur 	 
Dimitrovgrad 	 
Dinajpur 	 
Dinalupihan 	 
Dindigul 	 
Dingzhou 	 
Diourbel 	 
Dipolog 	 	 
Divinópolis 	 
Divo 	 
Diwaniyah 	 
Diyarbakır 	 
Djelfa 	 
Djibouti
Dnipro 	 
Dodoma 	 
Doha 	 
Dohuk 	 
Dombivli 	 
Donetsk 	 
Dongchuan 	 
Dongguan 	 
Dongtai 	 
Dongyang 	 
Dongying 	 
Dordrecht 	 
Dortmund 	 	 
Douala 	 
Dourados 	 
Downey 	 
Dresden 	 
Dubai 	 
Dublin 	 
Dudley 	 
Duisburg 	 
Duitama 	 
Dujail 	 
Dujiangyan 	 
Dum 	 
Dumaguete 	 
Dundee 	 
Dunedin 	 
Dunhua 	 
Dunhuang 	 
Duque 	 
Durán 	 
Durango 	 
Durban 	 
Durg 	 
Durgapur 	 
Durham 	 
Durrës 	 
Dushanbe 	 
Düsseldorf 	 
Duyun 	 
Düzce 	 
Dzerzhinsk 	 
East  
Eastbourne 	 
Ebetsu 	 
Ebina 	 
Ecatepec 	 
Edinburgh 	 
Edirne 	 
Edmonton 	 
Eindhoven 	 
Ekibastuz 	 
El-Aaiún 	 
El-Alto 	 
El-Eulma 	 
El-Jadida 	 
El-Khroub 	 
El-Monte 	 
El-Obeid 	 
El-Oued 	 
El-Paso 	 
El-Progreso 	 
El-Tigre 	 
Elazığ 	 
Elbasan 	 
Elbląg 	 
Elche 	 
Eldoret 	 
Elektrostal 	 
Elgin 	 
Elista 	 
Elizabeth 	 
El-Mahalla  	 
Eluru 	 	 
Emmen 	 
Engels 	  	 
Enschede 	 
Ensenada 	 
Enshi 	  	 
Envigado 	 
Erbil 	 
Erfurt 	 
Erie 	 
Erlangen 	 
Erode 	 
Erzurum 	 
Escondido 	 
Escuintla 	 
Esenler 	 
Esfahan 	 
Eskişehir 	 
Esmeraldas 	 
Espoo 	 
Essen 	 
Etah 	 
Etawah 	 
Eugene 	 
Eujeongbu 	 
Evansville 	 
Everett 	 
Exeter 	 
Ezhou 	 
Facatativá 	 
Fairfield 	 
Faisalabad 	 
Faizabad 	 
Fallujah 	 
Fargo 	 
Faridabad 	 
Farrukhabad 	 
Fasa 	 
Fatehgarh 	 
Fatehpur 	 
Fayetteville 	 
Fayyum 	  	 
Fengcheng 	 
Fenghua 	 
Fergana 	  	 
Ferrara 	  	 
Fes 	 
Fianarantsoa 	 
Firozabad 	 
Firozpur 	 
Flint 	 
Florence 	 
Florencia 	 
Florianópolis 	 
blanca 	 
blanca 	 
Foggia 	 
Fontana 	 
Forlì 	 
Formosa 	 
Formosa 	 
Fort-Collins 	 
Fort-Lauderdale 	 
Fort-Wayne 	 
Fort-Worth 	 
Fortaleza 	 
Foshan	 
Franca 	 
ville 	 
Francisco  	 
Francistown 	 
Frankfurt 	 
Frederiksberg 	 
Freetown 	 
Freiburg 	 
Fremont 	 
Fresnillo 	 
Fresno 	 
Frisco 	 
Fuchu 	 
Fuenlabrada 	 
Fuji 	 
Fujieda 	 
Fujimi 	 
Fujimino 	 
Fujin 	 
Fujinomiya 	 
Fujisawa 	 
Fukaya 	 
Fukui 	 
Fukuoka 	  	 
Fukuyama 	 
Fuling 	 
Fullerton 	 
Funabashi 	 
Funchal 	 
Fürth 	 
Fusagasugá 	 
Fushun 	 
Fuxin 	 
Fuyang 	 
Fuzhou  	 
Fuzhou 	 
Gabès 	 
Gaborone 	 
Gadag-Betgeri 	 
Gagnoa 	 
Gainesville 	 
Galați 	 
Gandhidham 	 
Gandhinagar 	 
Ganganagar 	 
Gangapur 	 
Gangavati 	 
Gangneung 	 
Gangtok 	 
Ganzhou 	 
Gaocheng 	 
Gapan 	 
Garanhuns 	 
Garissa 	 
Garland 	 
Garoua 	 
Gatineau 	 
Gaya 	 
Gaza 	 
Gaziantep 	 
Gdańsk 	 
Gdynia 	 
Gebze 	 
Geelong 	 
Gejiu 	 
Geleen-Sittard 	 
Gelsenkirchen 	 
Gəncə 	  	 
General  	  	 
Geneva 	   
George  	 
Georgetown 	 
Germiston 	 
Getafe 	 
Ghardaïa 	 
Gharraf  	 
Ghaziabad 	 
Ghazipur 	 
Ghazni 	 
Ghent 	 
Gifu 	 
Gijón 	 
Gilbert 	 
Gingoog 	 
Girardot 	 
Giresun 	 
Giridih 	  	 
Giza 	 
Glan 	 
Glasgow 	 
Glendale  	 
Glendale	 
Gliwice 	 
Gloucester 	 
Godhra 	 
Godoy 	 
Goiânia 	 
Goicoechea 	 
Gojra 	 
Gojra 	 	 
Gold  	 
Golestan 	 
Goma 	  	  	 
Gonda 	 
Gondal 	 
Gondar 	 
Gondiya 	 
Gongzhuling 	 
Gorakhpur 	 
Gorgan 	 
Gorom-Gorom 	 
Gorontalo 	  	 
Gothenburg 	 
Göttingen 	  	 
Granada 	   	  	 
Grand  	 
Gravataí 	 
Graz 	 
Greater  	 
Greater 	 
Green 	 
Greensboro 	 
Grenoble 	 
Gresham 	 
Groningen 	 
Grozny 	 
Guacara 	 
Guadalajara 	 
Guadalupe 	 
Guagua 	 
Guanajuato 	 
Guanare 	 
Guanghan 	 
Guangshui 	 
Guangyuan 	 
Guangzhou 	 
Guantánamo 	 
Guarapari 	 
Guarapuava 	 
Guaratinguetá 	 
Guarenas 	 
Guarujá 	 
Guarulhos 	 
Guatire 	 
Guayaquil 	 
Guaymas 	 
Gudivada 	 
Guédiawaye 	 
Guelma 	 
Guelmim 	 
Guelph 	 
Guigang 	 
Guilin 	 
Guimarães 	 
Guimba 	 
Guiyang 	 
Gujiao 	 
Gujranwala 	 
Gujrat 	 
Gujrat 	 
Gulbarga 	 
Gulu 	 
Gumi 	 
Guna 	 
Gunsan 	 
Guntakul 	 
Guntur 	 
Gurgaon 	 
Guri 	 
Guwahati 	 
Gwalior 	 
Gwangju 	 
Gweru 	 
Gyeongju 	 
Győr 	 
Gyumri 	 
Haarlem 	 
Haarlemmermeer 	 
Habikino 	 
Habra 	 
Hachinohe 	 
Hachiōji 	 
Hadano 	 
Haeju 	  	 
Hafizabad 	 
Hagen 	 
Hagonoy 	 
Haicheng 	 
Haifa 	 
Haikou 	 
Hailun 	 
Haining 	 
Haiphong 	 
Hajipur 	 
Hakodate 	 
Hakusan 	 
Haldia 	 
Haldwani-cum-Kathgodam 	 
Halifax 	 
Halisahar 	 
Halle 	 
Hama 	 
Hamadan 	 
Hamamatsu 	 
Hamburg 	 
Hamhung 	 
Hami 	 
Hamilton 	 
Hamilton 	 
Hamm 	 
Hampton 	 
Hamza 	 
Hanam 	 
Hancheng 	 
Handa 	 
Handan 	 
Hangzhou 	 
Hanoi 	 
Hanover 	 
Hanumangarh 	 
Hanzhong 	 
Haora 	 
Hapur 	 
Harar 	 
Harare 	 
Harbin 	 
Hardoi 	 
Hargeisa 	 
Haridwar 	 
Hartford 	 
Hassan 	 
Hastsal 	 
Hathras 	 
Hatsuk 	 
Havana 	 
Hawally 	 
Hawija 	 
Hayward 	 
Hazaribagh 	 
Hebi 	 
Hebron 	 
Hechi 	 
Heerlen-Kerkrade 	 
Hefei 	 
Hegang 	 
Heidelberg 	 
Heihe 	 
Heilbronn 	 
Helsingborg 	 
Helsinki 	 
Helwan 	 
Henderson 	 
Hengshui 	 
Hengyang 	 
Heraklion 	 
Herat 	 
Heredia 	 
Hermosillo 	 
Herne 	 
Heshan 	 
Hetian 	 
Heyuan 	 
Heze 	 
Hialeah 	 
Higashihiroshima 	 
Higashikurume 	 
Higashimurayama 	 
Higashiōmi 	 
Higashiōsaka 	 
Higüey 	 
Hikone 	 
Hildesheim 	 
Hilla 	 
Himamaylan 	 
Himeji 	 
Hindaun 	 
Hindupur 	 
Hinganghat 	 
Hino 	 
Hirakata 	 
Hiratsuka 	 
Hirosaki 	 
Hiroshima 	 
Hisar 	 
Hitachi 	 
Hitaka 	 	 
Hobart 	 
Hofu 	 
Hofuf 	 
Hoima 	 
Holguín 	 
Hollywood  	 
Holon 	 
Homs 	 
Homyel 	 
Hong  	 
Honghu 	 
Honolulu 	 
Horlivka 	 
Hortolândia 	 
Hoshangabad 	 
Hoshiarpur 	 
Hospet 	  	 
Hosur 	 
Houghly-Chinsura 	 
Houma 	 
Houston 	 
Hoya 	 
Hpa-An 	 
Hrodna 	 
Hsinchu 	 
Huadian 	 
Huaian 	 
Huaibei 	 
Huaihua 	 
Huainan 	 
Huaiyin 	 
Huambo 	 
Huancayo 	 
Huanghua 	 
Huangshan 	 
Huangshi 	 
Huangyan 	 
Huánuco 	 
Huaraz 	 
Huaying 	 
Hudaida 	 
Huddersfield 	 
Huế 	 
Huelva 	 
Huhehaote 	 
Huichon 	 
Huixian 	 
Huizhou 	 
Huludao 	 
Hulunbuir 	 
Hunchun 	 
Huntington 	 
Huntsville 	 
Huozhou 	 
Hurghada 	 
Huzhou 	  	 	 
Hyesan 	 
Iaşi 	 
Ibadan 	 
Ibagué 	 
Ibaraki 	 
Ibarra 	 
Ibirité 	 
Ibri 	 
Ica 	 
Ichalakaranji 	 
Ichihara 	 
Ichikawa 	 
Ichinomiya  	 
Ichinoseki 	 
Idlib 	 
Ife 	 
Igarassu 	 
Iguala 	 
Iida 	 
Iizuka 	 
Ikeda 	 
Ikere-Ekiti 	 
Ikoma 	 
Iksan 	 
Ilagan 	 
Ilam 	 
Ilesa 	 
Ilhéus 	 
Iligan 	 
Iloilo 	 
Ilopango 	 
Ilorin 	 
Imabari 	 
Imbaba 	 
Imperatriz 	 
Imphal 	 
Imus 	 
Inazawa 	 
Incheon 	 
Indaiatuba 	 
Independence 	 
napolis 	 
Indore 	 
Inegöl 	 
Inezgane 	 
Inglewood 	 
Ingolstadt 	 
Innsbruck 	 
Ipatinga 	 
Ipiales 	 
Ipoh 	 
Ipswich 	 
Iquique 	 
Iquitos 	 
Irapuato 	 
Irbid 	 
Iriga 	 
Irkutsk 	 
Iruma 	 
Irvine 	 
Irving 	 
Isabela 	 
Isahaya 	 
Ise 	 
Isehara 	 
Isesaki 	 
Ishinomaki 	 
Iskandariya 	 
İskenderun 	 
Islamabad 	 
Ismaïlia 	 
Isparta 	 
İstanbul 	 
Itabira 	 
Itaboraí 	 
Itabuna 	 
Itaguaí 	 
Itagüí 	 
Itajaí 	 
Itami 	 
Itapecerica 	 
Itapetininga 	 
Itapevi 	 
Itapipoca 	 
Itaquaquecetuba 	 
Itatiba 	 
Itu 	 
Ituiutaba 	 
Itumbiara 	 
Ivano-Frankivsk 	 
Ivanovo 	 
Iwaki 	 
Iwakuni 	 
Iwata 	 
Iwatsuki 	 
Iwo 	 
Ixtapaluca 	 
Izeh 	 
Izhevsk 	 
İzmir 	 
İzmit 	 
Izumi 	 
Izumisano 	 
Izumo 	 
Jabalpur 	  	 
Jacareí 	 
Jackson 	 
Jacksonville 	 
Jacobabad 	 
Jaén 	 
Jagadhri 	 
Jagdalpur 	 
Jagtial 	 
Jahrom 	 
Jaipur 	 
Jakarta 	 
Jalalabad 	 
Jalandhar 	 
Jalgaon 	 
Jalna 	 
Jalpaiguri 	 
Jamalpur 	 
Jamalpur  	 
Jambi 	 
Jammu 	 
Jamnagar 	 
Jamshedpur 	 
Jamundí 	 
Jamuria 	 
Jandira 	 
Japeri 	  
Jaranwala 	 
Jaú 	 
Jaunpur 	 
Jayapura 	 
Jeddah 	 
Jehanabad 	 
Jeju 	 
Jena 	 
Jeongeup 	 
Jeongju 	 
Jeonju 	 
Jequié 	 
Jersey 	 
Jessore 	 
Jetpur 	 
Jhang 	 
Jhansi 	 
Jhelum 	 
Jhunjhunu 	 
Jiagedaqi 	 
Jiamusi 	 
Jiangmen 	 
Jiangshan 	 
Jiangyin 	 
Jiangyou 	 
Jiaohe 	 
Jiaojiang 	 
Jiaozhou 	 
Jiaozuo 	 
Jiaxing 	 
Jiayuguan 	 
Jieshou 	 
Jijel 	 
Jimma 	 
Jimo 	 
Jinan 	 
Jinchang 	 
Jincheng 	 
Jind 	 
Jingdezhen 	 
Jingmen 	 
Jingzhou 	 
Jinhua 	 
Jining 	 
Jinshi 	 
Jinzhong 	 
Jinzhou 	 
Ji-Paraná 	 
Jiroft 	 
Jishou 	 	 
Jiujiang 	 
Jiuquan 	 
Jiutai 	 
Jiutepec 	 
Jixi 	 
Jiyuan 	 
Jizan 	 
Jizzakh 	  	 
João  	 
Jodhpur 	 
Joetsu 	 
Johannesburg 	 
Johor  	 
Joinville 	 
Joliet 	 
Jolo 	  
Jorhat 	 
Jos 	 
Juazeiro  	 
Juazeiro 	 
Juba 	  
Jubail 	  
Juliaca 	 
Junagadh 	 
Jundiaí 	 
Juticalpa 	 
Jyväskylä 	 
Kabankalan 	 
Kabul 	 
Kabwe 	 
Kadapa 	 
Kadhimiya 	 
Kadoma 	 
Kaduna 	 
Kaechon 	 
Kaesong 	 	 
Kagoshima 	 
Kahramanmaraş 	 
Kaifeng 	 
Kaili 	 
Kairouan 	 
Kaithal 	 	 
Kajang 	 
Kakamigahara 	 
Kakegawa 	 
Kakinada 	 
Kakogawa 	 
Kalar 	 
Kaliningrad 	 
Kalisz 	 
Kallithea 	 
Kalol 	 
Kaluga 	 
Kalyan 	 
Kalyan-Dombivli 	 
Kalyani 	 
Kamagaya 	 
Kamakura 	 	 
Kamarhati 	 
Kamensk-Uralsky 	 
Kamianets-Podilskyi 	 
Kamianske 	 
Kamoke 	 
Kampala 	 
Kamptee 	 
Kamyshin 	 
Kananga 	 
Kanazawa 	 
Kanchipuram 	 
Kanchrapara 	 
Kandahar 	 
Kandy 	 
Kanggye 	 
Kangundo 	 
Kanhangad 	 
Kankan 	 
Kannur 	 
Kano 	 
Kanoya 	 
Kanpur 	 	 
Kansas  	 
Kaohsiung 	 
Kaolack 	 
Karabük 	 
Karachi 	 	 
Karaganda 	 
Karaikkudi 	 
Karaj 	 
Karaman 	 
Karamay 	 
Karatsu 	 
Karawal  	 
Karbala 	 
Karimnagar 	 
Kariya 	 
Karlsruhe 	 
Karnal 	 
Karrada 	 
Karur 	 
Karuri 	 
Kasama 	 
Kasese 	 
Kasganj 	 
Kashan 	 
Kashgar 	 
Kashihara 	 
Kashipur 	 
Kashiwa 	 
Kaspiysk 	 
Kassala 	 
Kassel 	 
Kasuga 	 
Kasugai 	 
Kasukabe 	 
Kasur 	 
Kathlehong 	 
Kathmandu 	   
Katihar 	 
Katowice 	 
Kaunas 	 
Kawagano 	 
Kawagoe 	 
Kawaguchi 	 
Kawanishi 	 
Kawasaki 	 
Kayes 	 
Kayseri 	 
Kazan 	 
Kazo 	 
Kecskemét 	 
Kediri 	 
Keelung 	 
Kelowna 	 
Kemerovo 	 
Kempton  	 
Kenema 	 
Kenitra 	 
Kerch 	 
Kerman 	 
Kermanshah 	 
Khabarovsk 	 
Khairpur 	  
Khammam 	  	 
Khan-Yunis 	 
Khandwa 	 
Khanewal 	 
Khanna 	 
Khanpur 	 
Kharagpur 	 
Khardaha 	 
Khargone 	 
Kharkiv 	 
Khartoum  	 
Khartoum 	 
Khasavyurt 	 
Khayelitsha 	 
Khemisset 	 
Khenchela 	 
Khenifra 	 
Kherson 	 
Khimki 	 
Khmelnytskyi 	 
Khobar 	 	 
Khora 	 
Khoramabad 	 
Khoramshahr 	 
Khouribga 	 
Khoy 	 
Khulna 	 
Khurja 	 
Kidapawan 	 
Kiel 	 
Kielce 	 
Kikuyu 	 
Kikwit 	 
Killeen 	 
Kimberley 	 
Kimchaek 	 
Kimhae 	 
Kingston 	 
Kingston  	 
Kinshasa 	 
Kira  	 	 
Kırıkkale 	 
Kirishima 	 
Kirkuk 	 
Kirov 	 
Kırşehir 	 
Kiryu 	 
Kisangani 	 
Kisarazu 	 
Kishanganj 	 
Kishangarh 	 
Kishiwada 	 
Kislovodsk 	 
Kisumu 	 
Kitakyushu 	 
Kitale 	 
Kitami 	 
Kitchener 	 
Kitui 	 
Kitwe 	 
Kızıltepe 	 
Klaipėda 	 
Klang 	 
Kluang 	 
Knoxville 	 
Kobe 	 
Koblenz 	 
Kochi 	 
Kōchi 	 
Kodaira 	 
Koforidua 	 
Kofu 	 
Koga 	 
Koganei 	 
Kohat 	 
Kokand 	 
Kokshetau 	 
Kokubunji 	 
Kolar 	 
Kolhapur 	 
Kolkata 	 
Kollam 	 
Kolomna 	 
Kolwezi 	 
Komaki 	 
Komatsu 	 
Komsomolsk-on-Amur 	 
Kōnosu 	 
Konya 	 
Kopeysk 	 
Korba 	 
Korhogo 	 
Koriyama 	 
Korla 	 
Korolyov 	 
Koronadal 	 
Koshigaya 	 
Košice 	 
Kostanay 	 
Kosti 	 
Kostroma 	 
Koszalin 	 
Kota 	 
Kottayam 	 
Koutiala 	 
Kovrov 	 
Kozhikode 	 
Kragujevac 	 
Kraków 	 
Kraljevo 	 
Kramatorsk 	 
Krasnodar 	 
Krasnogorsk 	 
Krasnoyarsk 	 
Krefeld 	 
Kremenchuk 	 
Krishnanagar 	 
Kropyvnytskyi 	 
Kruševac 	 	 
Kuantan 	 
Kuching 	 
Kufa 	 
Kuki 	 
Kulai 	 
Kulti 	 
Kumagaya 	 
Kumamoto 	 
Kumasi 	 
Kumbakonam 	 
Kunduz 	 
Kunming 	 
Kunshan 	 
Kuopio 	 
Kurashiki 	 
Kure 	 
Kurgan 	 
Kurichi 	 
Kurnool 	 
Kursk 	 
Kurume 	 
Kusatsu 	 
Kushiro 	 
Kusong 	 
Kut 	 
Kütahya 	 
Kutaisi 	
Kuwana 	 
Kuytun 	 
Kwekwe 	 
Kyiv 	 
Kyoto 	 
Kyzyl 	 
Kyzylorda 	 	 
Labo 	 
Lafayette 	 
Lagarto 	 
Lages 	 
Laghouat 	 	 
Lagos 	 
Lahore 	 
Lahti 	 
Laiwu 	 
Laiyang 	 
Laizhou 	 
Lakewood 	 
Lakhimpur 	 
Lalitpur 	 
Lalitpur 	   
Lambaré 	 
Lancaster 	 
Langfang 	 
Lansing 	 
Lanús 	 
Lanxi 	 
Lanzhou 	 
Laoag 	 
Laohekou 	 
Lapu-Lapu 	 
Larache 	 
Laredo 	 
Larissa 	 
Larkana 	 
Larnaca 	 	 
Latakia 	 
Latina 	 
Latur 	 
Lauro  	 
Lausanne 	  
Laval 	 
Lavras 	 	 
Leeds 	 
Leeuwarden 	 
Leganés 	 
Legazpi 	 
Legnica 	 
Leicester 	 
Leiden 	 
Leipzig 	 
Leiyang 	 
Leling 	 
Lengshuijiang 	 
Lengshuitan 	 
Leninsk-Kuznetsky 	 
León 	 
León 	 
León 	 
Leshan 	 
Leskovac 	 
Leverkusen 	 
Lévis 	 
Lexington 	 
Lhasa 	 
Lianyuan 	 
Lianyungang 	 
Liaocheng 	 
Liaoyang 	 
Liaoyuan 	 
Liberec 	 
Libmanan 	 
Libreville 	 
Lichinga 	 
Lichuan 	 
Liège 	 
Ligao 	 
Likasi 	 
Liling 	 
Lille 	 
Liloan 	 
Lilongwe 	 
Lima 	 
Limassol 	 
Limeira 	 
Limerick 	 
Limoges 	 
Lincoln 	 
Linfen 	 
Lingayen 	 
Linhai 	 
Linhares 	 
Linköping 	 
Linqing 	 
Linxia 	 
Linyi 	 
Linz 	 
Lipa 	 
Lipetsk 	 
Lisbon 	 
Lishui 	 
Little  	 
Liupanshui 	 
Liuzhou 	 
Liverpool 	 
Livingstone 	 
Livorno 	 
Ljubljana 	 
Lleida 	 
Lobito 	 
Łódź 	 
Logroño 	 
Loikaw 	 
Loja 	  
Lomé 	 
London 	 
London 	 
Londrina 	 
Long 	 
Longjing 	 
Longkou 	 
Longueuil 	 
Longxuyen 	 
Longyan 	 
Loni 	 
Luanda 	 
Luanshya 	 
Lubao 	 
Lubbock 	 
Lübeck 	 
Lublin 	 
Lubumbashi 	 
Lucena 	 
Lucknow 	 
Ludhiana 	  	 
Lugazi 	 
Luhansk 	 
Lüleburgaz 	 
Luohe 	 
Luoyang 	 	 
Lusaka 	 
Luton 	 
Lutsk 	  	
Luxor 	 
Luzhou 	 
Luziânia 	 
Lviv 	 
Lyon 	 
Lysychansk 	 
Lyubertsy 	 
Maastricht 	 
Mabalacat 	 
Macaé 	 
Macapá 	  	
Maceió 	 
Machakos 	 
Machala 	 
Macheng 	 
Machida 	 
Machilipatnam 	 
Madanapalle 	 
Madhavaram 	 
Madhyamgram 	 
Madina 	 
Madison 	 
Madiun 	 
Madrid 	 
Madurai 	 
Maebashi 	 
Magalang 	 
Magangué 	 
Magdeburg 	 
Magé 	 
Magelang 	 
Magnitogorsk 	 
Magway 	 
Mahabad 	 
Mahajanga 	 
Mahbubnagar 	 
Maheshtala 	 
Mahmoudiyah 	 
Maicao 	 
Maidstone 	 
Maiduguri 	 
Mainpuri 	 
Mainz 	 
Makassar 	 
Makati 	 
Makeni 	 
Makhachkala 	 
Makiivka 	 
Malabo 	  
Malabon 	 
Málaga 	 
Malakal 	  
Malang 	 
Malappuram 	 
Malard 	 
Malasiqui 	 
Malatya 	 
Malaybalay 	 
Malayer 	 
Malegaon 	 
Malerkotla 	  
Malmö 	 
Malolos 	 
Malungon 	 
Mamuju 	 
Man 	 
Manado 	 
Managua 	 
Manaus 	 
Manavgat 	  	 
Manchester 	 
Mandalay 	 
Mandaluyong 	 
Mandaue 	 
Mandoli 	 
Mandsaur 	 
Mandya 	 
Mangaldan 	 
Mangalore 	 
Mangaung 	 
Mango 	 
Manila 	 
Manisa 	 
Manizales 	 
Mannheim 	  	 
Mansoura 	 
Manta 	 
Manzanillo 	 
Manzhouli 	 
Maoming 	 
Maputo 	 
Maraba 	 
Maracaibo 	 
Maracanau 	 
Maracay 	 
Maradi 	 
Maramag 	 
Marand 	 
Maranguape 	 
Maraqeh 	 
Marawi 	 
Marbella 	 
Mardan 	 
Margilan 	 
Maricá 	 
Marikina 	 
Marilao 	 
Marília 	 
Maringá 	 
Marituba 	 
Mariupol 	 
Marivan 	 
Mariveles 	 
Markham 	 
Marrakech 	 
Marseille 	 
Marugame 	 
Marvdasht 	 
Mary 	 
Masaka 	 
Masaya 	 
Mascara 	 
Maseru 	 
Mashhad 	  	 
Matadi 	  	 
Matanzas 	 
Mataram 	 
Mataró 	 
Mathura 	 
Mati 	 
Matola 	 
Matsubara 	 
Matsudo 	 
Matsue 	 
Matsumoto 	 
Matsusaka 	 
Matsuyama 	 
Maturín 	 
Mau 	 
Mauá 	 
Mawlamyine 	 
Maxixe 	 
Maykop 	 
Mazari  	 
Mazatlán 	 
Mazyr 	 
Mbandaka 	 
Mbarara 	 
Mbeya 	 
Mbour 	 
Mbuji-Mayi 	 
McAllen  
McKinney  
Mecca 	 
Medan 	 
Medea 	 
Medellín 	 
Medina 	 
Medinipur 	 
Meerut 	 
Mehsana 	 
Meihekou 	 
Meizhou 	 
Mejicanos 	 
Mekele 	 
Meknes 	 
Melbourne 	 
Melitopol 	 
Memphis  	 
Mendoza 	 
Mérida 	 
Mérida 	 
Mersin 	 
Mesa  	 
Mesquita 	 
Mesquite  
Messad 	 
Messina 	 
Metepec 	 
Metz 	 
Mexicali 	  
Meycauayan 	 
Mezhdurechensk 	 
Miami 	 
Miandoab 	 
Mianyang 	 
Miass 	 
Middlesbrough 	 
Midland 	 
Midsayap 	 
Milagro 	 
Milan 	 	 
Miluo 	 
Milwaukee
Wisconsin 	 
Minatitlán 	 
Minglanilla 	 
Mangora 	 
Minneapolis  	 
Minoh 	 
Minsk 	 
Minya 	 
Miqdadiyah 	 
Mira-Bhayandar 	 
Miramar 	 
Miri 	 	 
Miryalaguda 	 
Mirzapur-cum-Vindhyachal 	 
Misato 	 
Mishan 	 
Mishima 	 
Miskolc 	 
Misrata 	 
Mississauga 	 
Mitaka 	 
Mito 	 
Mixco 	 
Miyakonojo 	 
Miyazaki 	 
Mobile 	 
Moca 	 
Modena 	 
Modesto	 
Modinagar 	 
Moers 	 
Moga 	 
Mogadishu 	  
Mogilev 	 
Mogpo 	 
Mohammadshahr 	 
Mohammedia 	 
Mojokerto 	 
Mombasa 	 
Mönchengladbach 	 
Monclova 	 
Moncton 	 
Monrovia 	 
Montego 	 
Montería 	 
Monterrey 	 	 
Montevideo 	 
Montgomery 	 
Montpellier 	 
Montreal 	 
Montreuil 	 
Monywa 	 
Monza 	 
Mopti 	 
Moradabad 	 
Moratuwa 	 
Morelia 	 
Morena 	 
Moreno 	 
Moriguchi 	 
Morioka 	 
Morogoro 	 
Morvi 	 
Moscow 	 
Mossoró 	 
Mostaganem 	 
Mostar 	 
Móstoles 	 
Mosul 	 
Motihari 	 
Mudanjiang 	 
Mufulira 	 
Mughalsarai 	 
Mukdahan 	 
Mukono  	 	 
Mulhouse 	 
Multan 	  	 
Munger 	 
Munich 	 
Münster 	 
Muntinlupa 	 
Murcia 	 
Murfreesboro  	 
Muriaé 	 
Muridke 	 
Murmansk 	 
Murom 	 
Murrieta 	 
Murwara 	 
Musashino 	 
Muscat 	 
Mushin 	 
Mustafabad 	 
Mutare 	 
Muttrah 	 
Muzaffargharh 	 
Muzaffarnagar 	 
Muzaffarpur 	 
Mwanza 	 
Myitkyina 	 
Mykolaiv 	 
Mymensingh 	 
Mysore 	 
Mytho 	 
Mytishchi 	 
Mzuzu 	 
Nabadwip 	 
Nablus 	 
Nacala 	 
Nadiad 	 
Nador 	 
Naga 	 
Nagahama 	 
Nagano 	 
Nagaoka 	 
Nagaon 	 
Nagapattinam 	 
Nagareyama 	 
Nagasaki 	 
Nagaur 	 
Nagda 	 
Nagercoil 	 
Nagoya 	 
Nagpur 	 
Naguanagua 	 
Naha 	 
Naic 	 
Naihati 	 
Nairobi 	 
Naivasha 	 
Najaf 	 
Najafabad 	 
Najran 	 
Nakhodka 	 	 
Nakuru 	 
Nalchik 	 
Nalgonda 	 
Namangan 	 
Nampo 	 
Nampula 	 
Namur 	 
Nanchang 	 
Nanchong 	 
Nancy 	 
Nanded 	 
Nanded-Waghala 	 
Nandurbar 	 
Nandyal 	 
Nangloi  	 
Nanjing 	 
Nanning 	 
Nanping 	 
Nansana 	 
Nantes 	 
Nantong 	 
Nanyang 	 
Naperville 	 
Napier-Hastings 	 
Naples 	 
Nara 	 
Narasaraopet 	 
Narashino 	 
Narayanganj 	 
Narita 	 
Nashik 	 
Nashville 	 
Nasimshahr 	 
Nasiriyah 	 
Nasugbu 	 
Nasushiobara 	 
Natal 	 
Naucalpan 	 
Naujan 	 
Navapolatsk 	  	 
Navoiy 	 
Navojoa 	 
Navotas 	 
Navsari 	 
Nawabganj 	 
Nawabshah 	 
Naypyidaw 	 
Nazarabad 	 
Nazilli 	 
Ndola 	 
Neemuch 	 
Neftekamsk 	 
Nefteyugansk 	 
Negombo 	 
Neijiang 	 
Neiva 	 
Nellore 	 
Netanya 	 
Neuquén 	 
Neuss 	 
Nevinnomyssk 	  	 
new-york 	 
Newark 	  	 
Newport 	 
Neyagawa 	 
Neyveli 	 
Ngong 	  	 
Niamey 	 
Nice 	  	 
Nicosia 	 
Niğde 	 
Niigata 	 
Niihama 	 
Niiza 	 
Nijmegen 	 
Nikopol 	 
Nilópolis 	 
Nîmes 	 
Ningbo 	 
Ningde 	 
Niš 	 
Nishapur 	 
Nishinomiya 	 
Nishio 	 
Nishitōkyō 	 
Niterói 	 
Nizamabad 	 
Nizhnekamsk 	 
Nizhnevartovsk 	 
Nizhny  	  	 
Nizwa 	 
Nobeoka 	 
Noda 	 
Nogales 	 
Noginsk 	  
Nonthaburi 	 
Norfolk 	 
Norilsk 	 
Norman 	 
Norrköping 	 
Barrackpur 	 
Dumdum 	 
ampton 	 
Norwalk 	 
Norwich 	 
Norzagaray 	  
Nottingham 	 
Novara 	  
Novocheboksarsk 	 
Novocherkassk 	 
Novokuybyshevsk 	 
Novokuznetsk 	 
Novomoskovsk 	 
Novorossiysk 	 
Novoshakhtinsk 	 
Novosibirsk 	  
Nukus 	 
Numazu 	 
Nuremberg 	 
Nur-Sultan 	 
Nyala 	 
Nyeri 	 
Nyíregyháza 	 
Nzérékoré 	 
Oakland 	 
Oakville 	 	 
Oberhausen 	 
Obihiro 	 
Obninsk 	 
Obuasi 	 
Oceanside 	 	 
Odawara 	 
Odense 	 
Odesa 	 
Odintsovo 	 
Offenbach 	 
Ōgaki 	 
Ogbomosho 	 
Ōita 	 
Okara 	 
Okayama 	 
Okazaki 	 
Okene 	 
Okinawa 	  	 
Oktyabrsky 	 
Olanchito 	 
Olathe 	 
Oldenburg 	 
Olinda 	 
Olq 	 
Olomouc 	 
Olongapo 	 
Olsztyn 	 
Omaha 	 
Omdurman 	 
Ōme 	 
Omsk 	 
Ōmuta 	 
Ongole 	 
Onitsha 	 
Onomichi 	 
Opole 	 
Oradea 	 
Orai 	 
Oral 	 
Oran 	 
Orange 	 
Ordos 	 
Ordu 	 
Örebro 	 
Orekhovo-Zuyevo 	 
Orenburg 	 
Orizaba 	 
Orlando 	 
Orléans 	 
Ormoc 	 
Orsha 	 
Orsk 	 
Oruro 	 
Oryol 	 
Osaka 	  	 
Osasco 	 
Osh 	 
Oshawa 	 
Oshogbo 	 
Ōshū 	 
Osijek 	 
Oskemen 	 
Oslo 	 
Osmanabad 	 
Osmaniye 	 
Osnabrück 	 
Osorno 	 
Ostrava 	 
Ōta 	 
Otaru 	 
Ōtsu 	 
Ottawa 	 
Ouagadougou 	 
Ouargla 	 
Oujda 	 
Oulu 	 
Ourense 	 
Ourinhos 	 
Overland  	 
Oviedo 	
Oxford 	 
Oxnard 	 
Oyama 	 
Oyo 	 
Ozamiz 	 
Ozhukarai 	 
Paarl 	 
Pabna 	 
Pachuca 	 
Padang 	 
Paderborn 	 
Padua 	 
Pagadian 	 
Paita 	 
Pakalongan 	  
Pakdasht 	 
Pakpattan 	 
Palakkad 	 
Palangkaraya 	 
Palanpur 	 
Palembang 	 
Palermo 	 
Palhoça 	 
Pali 	 
Pallavaram 	 
Palm 	  	 
Palmas 	 
Palmdale	 
Palmira 	 
Palopo 	 
Palu 	 
Palwal 	 
Pamplona 	 
Panabo 	  	
Panchkula 	 
Pangkal  	 
Panihati 	 
Panipat 	 
Panjin 	 
Panvel 	 
Panzhihua 	  	 
Parakou 	 
Paramaribo 	 
Paraná 	 
Paranaguá 	 
Parañaque 	 
Parauapebas 	 
Parbhani 	 
Parepare 	 
Parintins 	 
Paris 	 
Parla 	 
Parma 	 
Parnaíba 	 
Parnamirim 	 
Parral 	 
Pasadena	 
Pasadena  
Pasay 	 
Pasig 	 	 
Passos 	 
Pasto 	 
Pasuruan 	 
Patan 	 
Paterson 	 
Pathankot 	 
Pathein 	 
Patiala 	 
Patna 	 
Patos 	 
Patras 	 
Paulínia 	 	 	 
Pavlodar 	 
Pavlohrad 	 
Pécs 	 
Pelotas 	 	 
Pemba 	  
Penza 	 
Peoria  	 
Peoria 	 
Pereira 	 	 
Peristeri 	 
Perm 	 
Perpignan 	 
Perth 	 
gia 	 
Pervouralsk 	 
Pescara 	 
Peshawar 	 
Petare 	 
Peterborough 	 
Petrolina 	 
Petropavl 	 
Petropavlovsk-Kamchatsky 	 
Petrópolis 	 
Petrozavodsk 	 
Pforzheim 	 
Phoenix  	 
Phyongsong 	 
Piacenza 	 
Piedecuesta 	 
Pietermaritzburg 	 
Pikine 	 
Pikit 	 
Pilibhit 	 
Pimpri-Chinchwad 	 
Pindamonhangaba 	 
Pingdingshan 	 
Pingdu 	 
Pingliang 	 
Pingxiang 	 
Pinhais 	 
Pinsk 	 
Piracicaba 	 
Piraeus 	 
Pisco 	 
Pitalito 	 
Piteşti 	 
Pithampur 	  	 
Piura 	 
Plano  
Plaridel 	  	 
Pleven 	 
Płock 	 
Ploieşti 	 
Plovdiv 	 
Plymouth 	 
Plzeň 	 
Poá 	 
Pococí 	 
Podolsk 	 
Pohang 	 
Pointe-Noire 	 
Pokhara 	   
Polomolok 	 
Poltava 	 
Pomona	 
Ponce 	 
Pondicherry 	 	 
Pontianak 	 
Poole 	 
Popayán 	 
Porac 	 
Porbandar 	 	 
Porto 	 
Portoviejo 	 
Portsmouth 	 
Posadas 	 
Potosí 	 
Potsdam 	  	 
Prague 	 
Praia  	 
Prato 	  
Preston 	 
Pretoria 	 
Probolinggo 	 
Proddatur 	 
Prokopyevsk 	 	 
Pskov 	 
Pucallpa 	 
Puducherry 	 
Pudukkottai 	 	 
Pune 	 
Puno 	 	  	 
Puri 	 
Purnia 	 
Purulia 	 
Pushkino 	 
Putian 	 
Puyang 	 
Pyatigorsk 	 
Pyongyang 	 	 
Qalyub 	 
Qamishli 	 
Qarchak 	 
Qarshi 	 
Qatif 	 
Qazvin 	 
Qena 	 
Qianjiang 	 
Qidong 	 
Qingdao 	 
Qingtongxia 	 
Qingyang 	 
Qingyuan 	 
Qingzhou 	 
Qinhuangdao 	 
Qinyang 	 
Qinzhou 	 
Qiqihar 	 
Qitaihe 	 
Qods 	 
Qom 	 
Quanzhou 	 
Quchan 	 
Quebec 	 
Queimados 	 
Quelimane 	 
Querétaro 	 
Quetta 	 
Quetzaltenango 	 
Quevedo 	 
Quezon 	 
Quezon 	 
Qufu 	 
Quibdó 	 
Quilmes 	 
Quilpué 	 
Quito 	 
Qujing 	 
Qurayyat 	 
Quzhou 	 
Rabat 	 	 
Radom 	 
Raebareli 	 
Rafah 	 
Rafsanjan 	 	 
Raichur 	 
Raigad 	 
Raiganj 	 
Raigarh 	 
Raipur 	 
Rajahmundry 	 
Rajapalayam 	 
Rajarhat 	 
Rajkot 	 
Rajnandgaon 	 
Rajshahi 	 
Raleigh 	 
Ramadi 	 
Ramagundam 	 
Rampur 	 
Ranaghat 	 
Rancagua 	 
Ranchi 	 	 
Ranebennuru 	 
Rangpur 	 
Raniganj 	 
Raqqa 	  
Rasht 	 
Rason 	 
Ratlam 	 
Ravenna 	 
Rawalpindi 	 
Rawson 	 
Reading 	 
Recife 	 
Recklinghausen 	 
Regensburg 	 	 
Regina 	 
Rehovot 	 
Reims 	 
Relizane 	 
Remscheid 	 
Rennes 	 
Reno 	 
Renqiu 	 
Resende 	 
Resistencia 	 
Reus 	 
Reutlingen 	 
Rewa 	 
Rewari 	 
Rijeka 	 
Rimini 	 
Rio  	  
Riobamba 	 
Riohacha 	 
Rishon  	 
Rishra 	 
Riverside 	 
Rivne 	 
Riyadh 	 
Rize 	 
Rizhao 	 
Robertsonpet 	 
Rochdale 	 
Rochester 	 
Rochester
ford 	 
Rodriguez 	 
Rohtak 	 
Rome 	 
Rondonópolis 	 
Rongcheng 	 
Roodepoort 	 
Roorkee 	 
Rosario 	 
Rosario  	 
Rosario 	 
Roseville 	 
Rostock 	 
Rostov-on-Don 	 
Rotherham 	 
Rotterdam 	 
Rouen 	 
Round  	 
Rourkela 	 
Roxas 	 
Rubtsovsk 	  	 
Rudny 	 
Rudrapur 	 
Rufisque 	 
Ruichang 	 
Ruiru 	 
Ruse 	 
Russeifa 	 
Rustaq 	 
Rustavi 	 
Ruzhou 	 
Ryazan 	 
Rybinsk 	 
Rybnik 	 
Rzeszów 	 	 
Saanich 	 
Saarbrücken 	 
Sabadell 	 
Sabára 	 
Sabzewar 	 
Sacaba 	 
Sacramento	 
Sadiqabad 	 
Sadr 	 
Safi 	 
Saga 	 
Sagamihara 	 
Sagar 	 
Sagay 	 
Saguenay 	 
Saham 	 
Saharanpur 	 
Saharsa 	 
Sahiwal 	 
Saida 	 
Saidpur 	 
Saijō 	  	 
Saint-Denis 	 
Saint-Denis 	 
Saint-Étienne 	 
Saint-Louis 	 
Saint-Paul 	 
Saitama 	 
Sakado 	 	 
Sakakah 	 
Sakata 	 
Salalah 	 
Salamanca 	 
Salamanca 	 
Salatiga 	 
Salavat 	 
Salé 	 
Salem 	 
Salerno 	 
Salihorsk 	 
Salinas	 
Salmiya 	 
Salta 	 
Saltillo 	 
Salto 	 
Salvador 	 
Salzburg 	 
Salzgitter 	 
Samal 	 
Samara 	 
Samarinda 	 
Samarkand 	 
Samarra 	 
Samawah 	 
Sambalpur 	 
Sambhal 	 
Samsun 	 
Sanda 	 
Sandakan 	 
Sangli 	 
Şanlıurfa 	 
Sanmenxia 	 
Sanming 	 
Sano 	  
Santana 	 
Santander 	 
Santarém  	 
Santiago 	 	 
Santipur 	 	 	 
Sapporo 	 	 
Saqez 	 
Sarajevo 	 
Saransk 	 
Sarapul 	 
Saratov 	 
Sargodha 	 
Sari 	 
Sariaya 	 
Sariwon 	 
Sasaram 	 
Sasebo 	 
Saskatoon 	 
Sassari 	 
Satara 	 
Satna 	 	 
Savannah  	 
Saveh 	  	 
Sayama 	 
Schaerbeek 	 
Scottsdale  	 
Seattle 	 
Secunderabad 	 
Seeb 	 
Ségou 	 
Sehore 	 
Sejong 	  	  
Semarang 	 
Semey 	 
Semnan 	 
Sendai 	 
Seongnam 	 
Seoni 	 
Seoul 	 
Serampore 	 
Seremban 	  
Serpukhov 	 
Serra 	 
Sertaozinho 	 
Sete  	 
Setif 	 
Seto 	 
Settat 	 
Sevastopol 	
Severodvinsk 	 
Seversk 	 
Seville 	 
Sfax 	 	 
Shahe 	 	 
Shahjahanpur 	 
Shahrekord 	 
Shahreza 	 
Shahriar 	 
Shahrisabz 	 
Shahrud 	 
Shakhty 	 
Shamli 	 
Shanghai 	 
Shangluo 	 
Shangqiu 	 
Shangrao 	 
Shangzhi 	 
Shantou 	 
Shanwei 	 
Shaoguan 	 
Shaowu 	 
Shaoxing 	 
Shaoyang 	 
Sharjah 	 
Shchyolkovo 	 
Sheberghan 	 
Sheffield 	 	 
Shenyang 	 
Shenzhen 	 
Sheopur 	 
Sherbrooke 	  	 
Shihezi 	 
Shihung 	 
Shijiazhuang 	 
Shikarpur 	 
Shikohabad 	 
Shillong 	 
Shimizu 	 
Shimla 	 
Shimoga 	 
Shimonoseki 	 
Shinyanga 	 
Shiraz 	 
Shishi 	 
Shishou 	 
Shivpuri 	 
Shiyan 	 
Shizuishan 	 
Shizuoka 	 
Shkodër 	  	 
Shuangcheng 	 
Shuangyashan 	  	 
Shūnan 	 
Shuozhou 	 
Shymkent 	 
Sialkote 	 
Šiauliai 	 
Sibiu 	 
Sibu 	 
Sidi-bel-Abbès 	 
Siegen 	 
Sieverodonetsk 	 
Siirt 	 
Sikar 	 
Sikasso 	 
Silang 	 
Silay 	 
Silchar 	 
Siliguri 	 
Simferopol 	
Simi 	 
Simões  	 
Sincelejo 	 
Singapore 	 
Singkawang 	 
Singrauli 	 
Sinop 	 
Sinpo 	 
Sinuiji 	    	 
Siping 	 
Sirjan 	 
Sirsa 	 
Sitapur 	 
Sittwe 	 
Sivas 	 
Siverek 	 
Siwan 	  	 
Skikda 	 
Slough 	 
Sloviansk 	 
Słupsk 	 
Smederevo 	 
Smolensk 	 
Soacha 	 
Sobral 	 
Sochi 	 
Sofia 	 
Sogamoso 	 
Sohag 	 
Sohar 	 
Soka 	 
Sokodé 	 
Solapur 	 
Soledad 	 
Solihull 	 
Solingen 	 
Songyuan 	 
Sonipat 	 
Sorocaba 	 
Sorsogon 	 
Sosnowiec 	 
Soubré 	  	 
Soweto 	 
Soyapango 	 
Spanish  	 
Split 	 
Spokane 
Washington 	 
Springfield 	 
Springfield  	 
Springfield  	 
Springs 	  	 
Srikakulam 	 
Srinagar 	 
Ssabagabo 	 	 
Stakhanov 	 	  	 
Stavanger 	 
Stavropol 	  	 
Sterlitamak 	 
Stockholm 	 
Stockport 	 
Stockton	 
Stoke-on-Trent 	 
Strasbourg 	 
Stuttgart 	  	 
Subic 	 
Subotica 	 
Suceava 	 
Sucre 	 
Suez 	 
Suhaj 	 
Suihua 	 
Suining 	 
Suita 	 
Suizhou 	 
Sujangarh 	 
Sukabumi 	 
Sukkur 	 
Sulamaniya 	 
Sullana 	 	 
Sultanbeyli 	 
Sultanpur 	 
Sumaré 	 
Sumgait 	 
Sumy 	 
Suncheon 	 
Sunchon 	 
Sunderland 	  	 
Sunnyvale	 
Sunshine  	 
Sunyani 	 
Suqian 	 
Sur 	 
Surabaya 	 
Surakarta 	  	 
Surat 	  	 
Surgut 	 
Surigao 	 
Surprise 	 
Surrey 	 
Suryapet 	 
Suwayq 	 
Suwon 	 
Suzano 	  	 
Suzuka 	 
Swansea 	 
Swindon 	 
Sydney 	 
Syktyvkar 	 
Syracuse 	 
Syracuse 
New-York 	 
Syzran 	 
Szczecin 	 
Szeged 	  
Tabaco 	 
Taboão 	 
Tabriz 	 
Tabuk 	 
Tabuk 	 
Tacheng 	 
Tachikawa 	 
Tacloban 	 
Tacna 	 
Tacoma 
Washington 	 
Tadepalligudem 	 
Tadipatri 	 
Taganrog 	 
Tagbilaran 	 
Taguig 	 
Tagum 	 
Tahoua 	 
Taian 	 
Taichung 	 
Tainan 	 
Taipei 	 
Taiping 	 
Taiyuan 	 
Taiz 	  	 
Taji 	 
Tajimi 	 
Takamatsu 	 
Takaoka 	 
Takarazuka 	 
Takasaki 	 
Takatsuki 	 
Talavera 	 	 
Talcahuano 	 
Talca 	 
Talisay  
Taldıqorğan 	  	 
Tallinn 	 
Tallahassee  	 
Tama 	 
Taloqan 	 
Tambaram 	 
Tamale 	 
Tampa  	 
Tambov 	 
Tampico 	 
Tampere 	 
Tanay 	 
Tanauan 	 
Tandil 	 
Tanchon 	 
Tanga 	 
Tandoadam 	 
Tangerang 	 
Tangail 	 
Tangshan 	 
Tangier 	 
Tanjungbalai 	 
Tanjung  	 
Tanza 	 
Tanta 	 
Taourirt 	 
Taonan 	 
Taranto 	 
Tapachula 	 
Taraz 	 
Tarapoto 	 
Táriba 	 
Târgu-Mureş 	 
Tarlac 	 
Tarija 	 
Tarragona 	 
Tarnów 	 
Tartus 	 
Tarsus 	 
Tatuí 	 
Tashkent 	 
Taunggyi 	 
Taubaté 	 
Tawau 	 
Tauranga 	 
Taza 	 
Taytay 	 
Tebessa 	 	 
Tbilisi 	 
Tegal 	 
Tecomán 	 
Tehran 	 
Tegucigalpa 	 
Teixeira  	 
Tehuacán 	 	 
Tekirdağ 	 
Telford 	 
Telde 	 
Temara 	 
Tema 	 
Temecula	 
Tembisa 	 
Tempe  	 
Temirtau 	 
Tenali 	 
Temuco 	 
Tepatitlán 	 
Tengzhou 	  	 
Teresina 	 
Tepic 	 
Termez 	 
Teresópolis 	 
Ternopil 	 
Terni 	 
Tete 	 
Terrassa 	 	 
Tétouan 	 
Thanesar 	 
Thane 	 
Thessaloniki 	 
Thanjavur 	 
Thika 	 
Thiès 	 
Thoothukudi 	 
Thiruvananthapuram 	 
Thrissur 	 	 
Thornton 	 	 
Tianmen 	 
Tianjin 	 
Tiaret 	 
Tianshui 	 
Tieling 	 
Tieli 	 
Tikrit 	 
Tijuana 	 
Timişoara 	 
Tilburg 	 
Tipitapa 	 
Timon 	 
Tiruchchirappalli 	 
Ta 	 
Tirunelveli 	 
Tiruchirappalli 	 
Tiruppur 	 
Tirupati 	 
Tiruvottiyur 	 
Tiruvannamalai 	 
Tlalnepantla 	 
Titagarh 	  	 
Tlaquepaque 	 
Tlalpan 	 
Tlemoen 	 
Tlaxcala 	 
Tochigi 	 
Toamasina 	 
Toda 	 
Tocuyito 	 
Tokat 	 
Tōkai 	 
Tokorozawa 	 
Tokchon 	 
Tokuyama 	 
Tokushima 	 
Toledo 	 
Tokyo 	 
Toledo 	 
Toledo 	 
Toluca 	 
Toliara 	 
Tomakomai 	 
Tolyatti 	 
Tondabayashi 	 
Tomsk 	 
Tonghua 	 
Tongchuan 	 
Tongjiang 	 
Tongi 	 
Tongling 	 
Tongliao 	 
Tonk 	 
Tongren 	 
Topeka	 	 
Toowoomba 	 
Toronto 	 
Toride 	 
Torreón 	 
Torrance	  	 
Tottori 	 
Toruń 	 
Toulon 	 
Touggourt 	 
Tours 	 
Toulouse 	 
Toyama 	 
Townsville 	 
Toyokawa 	 
Toyohashi 	 
Toyota 	 
Toyonaka 	 
Trento 	 
Trabzon 	  	 
Trier 	 
Três  	 
Trindade 	 
Trieste 	 
Tripoli 	 
Tripoli 	 
Trondheim 	 
Trois-Rivières 	 
Tsu 	 
Trujillo 	 
Tsukuba 	 
Tsuchiura 	 
Tsuyama 	 
Tsuruoka 	 
Tucson  	 
Tubarão 	 
Tuguegarao 	  	 
Tucuruí 	 
Tulancingo 	 
Tula 	 
Tulua 	 
Tulsa 	 
Tumaco 	 
Tulufan 	 
Tumbes 	 
Tumbes 	 
Tumkur 	 
Tumen 	 
Tunja 	 
Tunis 	 
Turgutlu 	 
Turbo 	 
Turin 	 
Turhal 	 
Turkmenabat 	 
Turkistan 	 
Tuticorin 	 
Turku 	 
Tuzla 	 
Tuxpan 	  	 
Tychy 	 
Tver 	 
Ubá 	 
Tyumen 	 
Uberaba 	 
Ube 	 
Udaipur 	 
Uberlândia 	  	 
Udine 	  	 
Udgir 	 
Ueda 	 
Udupi 	 
Uji 	 
Ufa 	  
Ujjain 	 
Ulan-Ude 	 
Ulanqab 	 
Ulm 	 
Ulhasnagar 	 
Uluberia 	 
Ulsan 	 
Umlazi 	 
Ulyanovsk 	 
Unaizah 	 
Umuarama 	 
Uppsala 	 
Unnao 	 
Urawa 	 
Urasoe 	 
Urdaneta 	 
Urayasu 	 
Uribia 	 
Urgench 	 
Uruapan 	 
Urmia 	 
Uruma 	 
Uruguaiana 	 
Uşak 	 
Ürümqi 	 
Utrecht 	 
Ussuriysk 	 
Uttarpara 	 
Utsunomiya 	 
Vacoas-Phoenix 	 
Uzhhorod 	 
Valdivia 	 
Vadodara 	 
Valencia 	 
Valencia 	 
Valenzuela 	 
Valencia 	 
Valinhos 	 
Valera 	 
Valledupar 	 
Valladolid 	  	 
Valparaíso 	 
Vallejo 	  	 
Van 	 
Valsad 	 
Washington 	 
Vancouver 
Vantaa 	 
Vancouver  	 
Varamin 	 
Vapi 	 
Varginha 	 
Varanasi 	 
Várzea  	 
Varna 	 
Vasai-Virar 	 
Várzea	 
Vaughan 	 
Västerås 	 
Vellore 	 
Veliky  	 
Venlo 	 
Venice 	 
Verona 	 
Veraval 	 
Vicenza 	 
Vespasiano 	  	 
Victorville	 
Victoria 	 
Vienna 	 
Vidisha 	 
Vihiga 	 
Vigo 	 
Villahermosa 	 
Vijayawada 	 	 
Villavicencio 	 
Villanueva 	 
Vilnius 	 
Villeurbanne 	 
Vinnytsia 	 
Vinh 	 
Visakhapatnam 	 
Vşehir 	 
Vitebsk 	 
Visalia 	 
Vitoria-Gasteiz 	 
Vitória 	 
Vladikavkaz 	 
Vizianagaram 	 
Vladivostok 	 
Vladimir 	 
Volgodonsk 	 
Vlorë 	 
Vologda 	 
Volgograd 	 
Volta  	 
Volos 	 
Voronezh 	 
Volzhsky 	 
Votorantim 	 	 
Vosloorus 	 
Wafangdian 	 
Waco 	 	 
Wakayama 	 
Wah  	 
Wanica 	 
Wałbrzych 	 
Warangal 	 
Wanzhou  	 
Warren 	 
Wardha 	 
Warsaw 	 
Warrington 	 
Waterbury 	 
Washington 	 
Wau 	  
Waterloo 	 
Weihai 	 
Weifang 	 
Weinan 	 
Weihui 	 
Wendeng 	 
Wellington 	 
West  	 
Wenzhou 	  	 
Westminster 	 
Westland 	 
Wichita 	 
Whitby 	  	 
Wilmington 	 
Wiesbaden 	 
Winnipeg 	 
Windsor 	 
Winterthur 	  
Winston-Salem 	 
Wolfsburg 	 
Włocławek 	 
Wolverhampton 	 
Wollongong 	 
Wonsan 	 
Wonju 	 
Wrocław 	 
Worcester 	 
Wuhai 	 
Wuhu 	 
Wuhan 	 
Würzburg 	 
Wuppertal 	 
Wuxi 	 
Wuwei 	 
Wuyishan 	 
Wuxue 	 
Wuzhou 	 
Wuzhong 	 
Xalapa 	 
Xai-Xai 	 
Xiamen 	 
Xiangyang 	 
Xiangtan 	 
Xiantao 	 
Xianning 	 
Xiaogan 	 
Xianyang 	 
Xichang 	 
Xiaoshan 	 
Xingcheng 	 
Xilinhot 	 
Xingtai 	 
Xinghua 	 
Xining 	 
Xingyi 	 
Xintai 	 
Xinji 	 
Xinyang 	 
Xinxiang 	 
Xinyu 	 
Xinyi 	 
Xinzhou 	 
Xuancheng 	 
Xochimilco 	 
Yachiyo 	 
Xuchang 	 
Yakeshi 	 
Yaizu 	 
Yalova 	 
Yakutsk 	 
Yamaguchi 	 	 
Yamagata 	 
Yamoussoukro 	 	 
Yancheng 	 
Yanbu 	 
Yangon 	 
Yangjiang 	 
Yangzhou 	 
Yangquan 	 
Yantai 	 
Yanji 	 
Yaoundé 	 
Yao 	 
Yasuj 	 
Yaroslavl 	 
Yavatmal 	 
Yatsushiro 	 
Yekaterinburg 	 
Yazd 	 
Yenakiieve 	 
Yelets 	 
Yerevan 	 
Yeosu 	 
Yevpatoria 	
Yessentuki 	 
Yichang 	  	 
Yibin 	 
Yidu 	 
Yichun  	 
Yinchuan 	 
Yima 	 
Yingkou 	 
Yingcheng 	 
Yining 	 
Yingtan 	 
Yixing 	 
Yiwu 	 
Yizheng 	 
Yiyang 	 
Yokkaichi 	 
Yogyakarta 	 
Yokosuka 	 
Yokohama 	 
Yonago 	 
Yonkers 	 
Yongzhou 	 
York 	 
Yopal 	 
Yuanjiang 	 
Yoshkar-Ola 	 
Yumen 	 
Yueyang 	  	 	 
Yusufiyah 	 
Yuncheng 	 
Yuyao 	 	 
Yuxi 	 
Zaanstad 	 
Yuzhou 	 
Zabrze 	 
Zabol 	 
Zagazig 	 
Zacatecas 	 
Zahedan 	 
Zagreb 	 
Zamboanga 	 	 
Zama 	 
Zanzibar 	 
Zanjan 	 
Zaozhuang 	 
Zaoyang 	 
Zaporizhia 	 
Zapopan 	 
Zaria 	 
Zaragoza 	 
Zelenograd 	 
Zarqa 	 
Zhalantun 	 
Zenica 	 
Zhangjiajie 	 
Zhangjiagang 	 
Zhangshu 	 
Zhangjiakou 	 
Zhangzhou 	 
Zhangye 	 
Zhaodong 	 
Zhanjiang 	 
Zhaotong 	 
Zhaoqing 	 
Zhengzhou 	 
Zheleznodorozhny 	 
Zhongshan 	 
Zhenjiang 	 
Zhoushan 	 
Zhoukou 	 
Zhuhai 	 
Zhucheng 	 
Zhukovsky 	 
Zhuji 	 
Zhuozhou 	 
Zhumadian 	 
Zhytomyr 	 
Zhuzhou 	  
Zibo 	 
Ziguinchor 	 
Zigong 	 
Zinder 	 
Zihuatanejo 	 
Zixing 	 
Zipaquirá 	 
Zoetermeer 	 
Zlatoust 	 
Zrenjanin 	 
Zonguldak 	 
Zürich 	  
Zunyi 	 
Zwolle 	 
Zuwarah